distance_km,fuel_consumption
621.425278359211,51.86384402864614
356.7139674041213,28.674397659589516
688.2923567299921,55.93455418139406
560.9207429568975,44.78848464496276
84.40010483124313,6.496397014753144
780.7416577930372,61.290109028354856
611.3003645723788,49.54948120422664
630.9908011687935,49.20195830972483
111.20976981368123,9.895159439564644
365.80489093749804,30.89232178166871
302.9304391437392,24.78423224235498
742.1443411903954,58.942174194898094
518.653444863725,42.173223958061044
659.9816744839557,52.33552437539684
360.2972170735916,30.22709805408505
189.51859020997375,12.414378090475214
448.1219817425095,35.34634748722279
60.41563232229851,1.8470325930978841
663.8286258741398,50.86369882459038
509.01487530643124,42.76698336923536
608.8893146674453,50.05392264635316
290.075514822596,22.126820835880494
776.8514392719736,59.894359957696544
715.5656858445361,52.798461610800416
624.9229626882719,49.17859375316281
163.76457920305438,16.731788854615456
378.709592944357,30.94909384274403
44.604974971910735,2.729039568678625
131.8886987333628,11.248716212919483
549.6086730615392,41.627256315431474
598.3621031671755,47.42298320932759
774.3326886230259,62.09583129936568
267.40203292914003,21.26301165659963
302.66316776754644,25.399262603938833
380.94909090788826,30.99289511198514
159.6823736765857,13.777078921288853
112.6379892150226,7.978480713855668
385.80689171848763,32.211274450094834
189.25838575019844,17.584076281451864
539.1530557991832,41.67702018445754
355.3500159091413,27.096457789159466
667.8157748856916,55.42893849533567
563.2094305817768,44.769738466499554
256.76964669181245,22.647303823444833
667.4852431022089,52.73501588033843
645.7638424224734,53.84367575820394
316.1079194338378,25.485862279915203
237.77920210489285,19.409679403375474
549.1714481402306,46.28079288372331
120.40446205135474,9.089701247942124
167.92747995533557,12.022515252539408
15.816193103294355,0.5924491362210168
631.6702582266894,51.212121584099854
535.2321767077054,40.46993552834566
567.0806491148047,46.32265828316106
626.7759345073546,49.33391778416175
372.54346267528854,31.52519600512343
459.3055448027861,33.15305312687218
120.43962852084938,8.455321619011698
100.47875809341902,5.508598420622368
538.0383398144726,41.803722985611884
382.1660028530747,30.94477907990939
456.5365241201392,36.25408199143651
614.3490973586602,48.76786143527079
511.4274728004667,40.67542051696724
447.3277265198167,36.09130048251525
451.7736569888767,34.62908849619548
250.12057746946363,21.069920658905666
34.346089308672134,3.7416861002719966
355.0067374935663,28.978095905969454
179.52189152742807,15.196551486321141
332.7376285424626,27.063637284609996
684.1884278818512,57.787684184644704
194.81219383361918,15.45433425011077
56.059165934362156,4.024108447247107
232.29327469737726,17.453170605254115
241.93906863568006,17.80673148498765
532.9140466342471,40.76641604933816
450.0554003496099,34.67123605812241
629.2795851940666,50.23634624304722
534.8076968586362,43.28605844143747
331.04562053765574,26.5603627308407
653.0761038861674,51.09778539474882
141.9086067270861,12.702965384196833
27.942537775749777,3.3445220305114036
81.13781001275699,6.2515523398875334
580.6638869711958,45.4737367406986
374.883011898596,30.81328283313238
137.4047054365454,11.27433681615279
405.8253723316572,30.29383889741001
130.32656114340307,10.324154507495638
560.0930963114115,45.2005014230245
362.46345770348427,27.64753443654711
311.00676861622117,25.16530657855386
248.19455042682245,17.673330306259114
507.9232485639219,42.638139035132006
295.8319623371784,25.538481964563424
79.24343625971979,5.960698899323136
103.2246626752071,8.803154520775177
769.8991549941164,57.9770494508295
727.7787456590096,56.48777816232277
562.7686357104922,44.580822476611175
220.03726955302048,15.99478203210135
775.6493381047019,63.123541772322135
625.2132141329778,53.01300192676021
576.3432494356065,44.34253787570457
364.99558669359305,27.943451829359653
225.07083385767564,18.358839261078945
86.14886010126445,9.308583030850587
723.0558932696349,56.010909992760936
370.06326896855273,29.978615700944633
169.86705818823194,16.321312931278218
251.7057330790155,17.65881992405234
467.5834594640978,35.48507294685908
149.65049852199306,11.336629972068188
686.7252844329767,54.157140135355014
609.230428569816,49.957336217215754
578.3757352012401,46.63254839583047
351.35350142233193,25.445837024323364
505.57398415493014,41.21903433674563
471.4373954410611,36.848683304251416
523.3788152283078,43.78197604367648
76.71101370051238,5.195499791385611
338.4878477147816,26.124104892529175
42.87519735089506,4.241713204278401
400.25274720317,33.164609499759
270.5903577429004,22.319377665336336
124.17410920417706,7.4055327602569525
91.6883445008158,8.14211921995764
474.23921202039253,36.387674884119804
144.76844514414003,11.934389778913598
740.8448935176698,57.13198982831499
469.03830036331203,38.192547250379555
284.02714558252126,21.51227329014064
476.8232382703192,36.22190708623475
28.015058113461023,3.311934853800481
767.2617784607418,61.74340905937447
391.0197151848912,30.360612012701953
628.3608295277261,52.445634635749684
75.35669993872646,5.367557362743504
394.4600813621467,31.604968019928137
397.65852554007154,32.216052214723625
750.8828994302364,59.14113305322599
461.66516137709954,37.63991735026786
384.0566268349935,29.924351626052395
220.91077384259592,17.055404424083363
271.9395079006162,23.799124591754307
421.33119795251486,32.14561675743254
356.7400536409869,24.920033794884716
27.073543105461038,4.582288940954725
662.7706201135427,56.84564153799392
717.9670097534157,56.829456882099265
120.79678030890251,6.758485363781922
447.688553395849,35.349358307374004
95.77483549700041,7.232652414999029
541.0696735014512,43.00068811858271
232.17468923281658,16.903893075742552
530.9438814066024,43.34485222624291
584.3257452866372,47.53282068586011
617.2315186149491,47.13691305946696
95.11534730515828,8.658022881954995
733.6493576587103,61.770976085615665
191.86905280695584,15.607464723212056
39.55591937918203,2.6584858072318034
448.33345081927183,35.65367124393046
303.0286042513266,25.16517349055897
665.5338970746064,50.64670435770769
648.5186629307984,52.12807908892982
260.5397253299451,20.257482102201394
762.7905221050985,63.79497928784195
239.82509213069372,18.92474826974806
416.8951320930545,35.85344198412364
212.21242154840618,15.321382677199486
749.474420338681,60.83884237729867
140.04017588979434,11.682314466870391
45.4793893199399,2.3347802737980183
353.72667740239996,28.56422836414741
793.9766956041112,65.3369139035763
714.425040341382,56.66831567088066
601.4003353709899,45.574082855924544
713.7260677940346,57.07174118380661
715.8228453613119,55.91219298671619
419.89810470529477,33.07833696842776
259.58395094632647,20.644334421178435
619.8898213676805,47.03270738539116
532.7123979025313,40.19350432322148
305.18960581023094,25.13826871810676
84.62866776859707,5.986215377233245
599.9637929657306,44.149986924527596
217.3438075790631,18.56477066123725
750.0823889216856,60.41514574664621
200.36675425449096,14.95852810430455
106.97876660507396,6.583056011818554
666.5790109786758,54.580032722765566
131.0946101333503,11.011594744508669
151.62196344461387,15.70366049959522
483.51240530146634,39.311275322204715
700.9040122615969,56.653875692820776
165.18338591451285,12.96427897799818
255.15570159107486,21.637619928087176
624.1498222105303,50.869613578714656
777.7428765881642,64.09701763990093
405.58553709985046,31.664858590032114
123.67902701548812,9.241210951823106
21.009667289479218,0.9621186267903672
191.42826369909565,16.500463677696136
114.13955205135161,11.378725824553229
545.3503521541575,42.93976743260865
106.24767865653959,7.862653700833531
410.0006459803001,33.2711675142287
558.4673241578803,44.30874368261107
469.0821212845129,38.954650182470864
167.82276481144552,10.048155248987072
645.2583756839875,50.380612484343665
575.1716323964833,44.8401060907765
593.797363093278,44.02325502888302
113.53562373027746,7.63739223186899
107.76550488377224,7.248506216932889
742.774415295141,59.12029624183304
324.0867731217031,27.596390687226645
247.7494665069424,19.452366343769338
395.9813958277113,30.132291085810174
533.6627280832301,42.60758643483812
764.9423730671062,62.76915027753053
236.29251923682347,17.439463314773523
740.5986591565014,57.88203040663794
29.63899819514249,3.2089432945227343
448.6064534381915,35.556212101459124
510.84033822805725,41.838454094308794
93.6589489630951,7.472245729354663
120.86828168049098,10.72195800657363
341.10031225988,25.735407809729438
773.3232105931136,61.84772987126669
480.8736170551545,38.153854342867625
747.0883450641669,57.94323121897716
645.4451233342469,49.29039294493671
379.2314652286803,31.367140771206415
629.9631249092281,49.87062141941128
24.091059341820312,0.39386432487463074
96.2237574449306,7.553632190209449
665.2486057573617,54.911916746612896
639.4854997768778,47.73773321409234
193.78618615348262,13.25793685742362
429.30797657325223,32.96030846301728
488.7524983530086,41.291968168321176
695.5137734830488,56.06498235302285
486.45465429759327,40.0673482044993
335.93153972620746,25.164281799407252
305.6053942916743,22.769127730428156
346.4468482350728,28.387468433889893
525.0255102081796,42.08945231305754
695.3175990843366,56.44851615504312
368.5785368402768,29.204776460829464
205.79325473157292,16.880675968207775
196.9632667680891,15.994239968804793
599.3512813923227,49.1147535950132
655.0893231048892,53.617658271307846
93.16968308475872,5.023766655193042
62.581496994590744,1.6356169265559766
479.6025943675969,39.87082564588502
125.47686291223164,11.819736672871436
661.4847104605096,51.387842307570764
255.1643924000188,17.623398282183064
123.65882704720269,10.041258395287018
737.5666732650857,60.40159120073265
140.77006096086976,13.957996660521054
234.9288650469691,19.568755561909704
131.35458220172632,9.950791531259563
101.23715029563043,6.75927609127314
26.706932905787628,2.153731569968992
53.76237323976549,3.852092803353355
147.96676203932364,10.314739104552666
52.17172677546856,7.246871618332414
477.00361472766724,40.83804178132158
547.76447617161,45.52523111906194
320.96806089730234,24.296169275070497
261.2129665921191,22.179566313815446
408.57572724756176,33.64549779405179
701.2539043653408,56.76413078553334
682.3939851895427,56.46601671572908
44.34529899010563,4.500680633500367
153.383743581254,13.380720840956824
197.02844817247285,16.717635278856143
207.01618490744735,17.07248190459895
461.2737948767904,34.22648689557196
338.8473163055219,27.233216920557588
48.91075474279925,3.078572441150252
305.15516938306155,22.492652114184892
423.7648294869334,36.42391128790591
90.32080329393561,9.819157274843406
668.4322574929622,55.51341149988039
51.049874507432364,4.466810085878402
740.625076524269,61.27594380337051
88.29938184810165,7.08203031875087
676.4242117622247,54.41813285632464
723.0959837028175,56.207471640532425
783.8608376634082,63.30435396982092
643.6004454161389,51.57861452592774
625.7872572093498,48.10900240149629
517.5617880364827,41.328147375193716
625.4071201167219,49.912975263552546
116.29624464638619,12.000041321677855
433.49374839863344,36.020819864660794
416.2360674504274,33.31605355467139
687.4819938568205,55.371740473247264
375.6114988188775,30.1152384726665
314.22070191927924,24.833285176349015
515.2549842773169,39.596757946102926
220.5060208256684,17.413903849643077
120.41704465362592,8.514216187311304
387.52304647875917,29.126370409916014
339.34260118995917,27.914240817018037
193.7302530178102,16.08531723132467
300.3343299909511,21.34668513222397
299.45003536273543,23.771975872776146
268.72149588591094,22.99127174972276
309.7766229842739,26.370965447086395
551.7372429101969,45.67773469714361
244.53241491131539,19.620963003257422
759.5977621051189,59.50025297645579
733.9149354351606,57.08764659377576
389.91923835706206,31.710446425690503
269.40535195370416,22.12134820784408
432.99348396570247,36.570475384663794
680.3627861311634,56.0789923660062
525.5439990424807,41.845176938601696
645.4695440781911,49.77125470796399
430.8505980919347,33.98938795183844
510.0049271214204,41.12624096192942
237.64293520414475,18.708309948247475
590.5655982251297,46.378406695893894
169.89962856931749,13.971297508000248
558.8905217666136,43.95530512921317
689.9680639774563,54.25534599260845
114.3612414682197,9.616078568912735
495.35999502811666,39.025810732055525
85.12564110164834,7.176207871599395
583.3153463344272,47.075033741032364
76.74964287058098,4.430827928009117
749.3924599334946,59.22953510888145
118.55226472986371,11.640846588263791
767.5153942681735,59.658112272352454
642.6984991072263,48.24089825512231
479.00878352841977,35.527934952409815
628.2730426573421,50.30550833245237
638.1407227966379,51.097633740780076
757.3613796256909,60.41249408691759
210.17284953295788,18.635112706029382
476.15995733306426,34.083544936990734
85.08886607587696,7.401010097716393
496.7709030190558,42.08382954422983
145.32013023330316,9.933939271326683
456.31098306322906,35.935168877373485
462.2201060867413,35.848270611096375
378.1282708551696,28.908742599297277
422.879102655367,33.3409352048948
613.4994781052045,51.22118617394312
641.4033260445326,54.068346096793896
398.80104030458904,31.400174386806903
483.6788188028637,41.55189582532581
745.6766261951805,59.70749481109138
104.58953491588701,10.997699333322583
102.5118170610873,8.060997390406746
79.29011940950704,6.53979629182978
529.711995182017,42.92517132352561
340.7005576243998,32.02432512900329
621.7139187520562,51.01404186243168
540.2728165137881,42.16092852617586
273.57382907930815,23.33940313175844
719.7095724156133,57.03401698762255
612.4003961858153,48.25740642051341
223.72260331903883,19.260710305361275
297.7116940399227,23.863563904850544
258.4075843613677,21.090470620677124
134.51320241374972,10.782034025897918
126.7488643083314,10.644783834574666
749.5406960668378,60.60070453150124
355.94418938701506,25.570084751903085
312.82265999415375,26.0256718024466
586.4517098551286,45.443107658664836
446.86452154979094,33.585713020644164
749.5505896023851,59.87643030240279
626.4381801884198,50.24102592004527
388.70195565838685,30.055897205812528
307.3239840498527,25.832466510490175
789.4389204902144,61.141850889660795
577.0305864428783,45.55203129227143
761.4437814030344,60.038191309843256
103.59807600146267,8.217965174608004
681.9216065607183,54.97202495182832
513.288368353054,39.55123004380901
106.31812588473893,9.591874086963458
474.72381997568436,38.072409150556794
552.0161284333045,41.323370894696495
19.719121851996242,0.0
368.9111898549798,29.49441624900442
662.0656138450937,52.633798130927964
243.333630021831,19.31156023138453
372.2529846208554,29.738265084873106
359.4281603836356,29.09259258995612
248.52263923956835,21.30328555393792
735.5690974572879,57.17887044520669
627.2222879908976,48.41982564992062
97.3648446869273,6.14920178812311
797.6573796916828,64.24596537608768
704.5680192031188,58.232862604219164
234.2876659125908,18.096004115648
671.1482979321412,49.93931406833181
94.07143017839246,4.969725120355834
799.2927370746486,62.69386388177787
535.8909415241642,42.03468199069031
523.5987622914496,41.275318042433874
81.44817431746488,6.573725629868566
718.6563851283339,57.02489131403304
32.909607531530845,4.2067780183375785
200.25416585250616,15.006307309678439
122.98728138164165,8.545505571318017
623.6466731468527,50.610047159528904
166.58133949818932,11.023044054965967
729.4041994333994,58.936873512651964
528.4525410687172,42.43003306108678
38.56854129081001,2.8643195683875495
14.289568961673364,3.525579677657763
50.80975444137515,3.1314691873679346
488.68089034170487,42.18491848312251
643.170630578938,51.11550327247289
198.4567282956369,13.961013596195611
681.0329859092276,54.587518244230445
55.213232721075705,2.8026908172079046
642.7614443769243,50.293281778433695
742.9583898361016,60.03222113691136
619.9656352924607,50.430623956372045
561.5154193431234,43.98798199706849
672.0043727377526,55.24145753658981
41.71952664218247,5.0738237684062995
169.40786746805375,15.707082032289238
108.68970665145802,9.489296642805225
408.57948225245934,34.73150164832529
598.6986213797871,45.07469206842189
507.70935721535494,40.13988875428571
682.3935688119286,53.29097762046915
132.6182640284618,10.788299913968032
590.3506626287776,46.37087918150711
162.50277778643425,12.750985459990142
223.8994135410622,20.73521540359105
570.82471085223,45.41139717354784
784.3617800699586,63.369630881382015
493.11944872188496,39.101151902864444
53.05524884312352,4.357989839385133
496.8840862427509,39.75975192007418
43.45693574833201,4.1490409588262995
708.4751119797855,58.42597026170361
570.5668452294904,48.11643861476423
146.77099867377754,12.206110016765953
82.45959460111648,7.4810878971427215
154.991250815452,10.67300330145781
784.221471847812,62.605902634201534
372.26290754220696,31.191466800701942
629.4239491897123,51.652868892802715
512.7625902651437,41.33842182040407
462.2063884673235,38.30610201673781
124.65290118538925,10.708382158321868
757.3593183108951,62.38920485226059
248.06067968662717,20.278893110365843
466.6336004879583,36.79714056568012
562.8229962253622,45.52960158342851
522.894192643794,37.43564384772435
753.0695836594596,60.81989529733434
127.26680203684582,4.70872492512549
411.5986633730842,30.34269795873861
329.1871686852051,27.012626396227887
384.5932962912683,31.483757709201658
104.18184569621825,6.590904485487564
115.93474179948461,8.20662628114036
229.67968116719334,20.430185976296663
250.71663697105674,19.331285760325525
348.0435388082665,31.207863573265794
492.68016215893635,39.41153319295039
511.35700276042775,41.52061448615612
335.33060830260047,29.251760261955948
332.9386564486707,26.831633190183787
181.92653609059997,13.050606916211795
474.7619362431165,37.81636372190789
260.46231994061793,20.783569490964297
38.487269079117326,1.0318690480270378
340.5360348839197,26.85913468370234
384.56481332123457,29.651896924702612
188.2183658813267,16.444005906287288
462.2417671664714,37.03125918459559
456.95980134121754,36.132590483576045
564.5817230771934,45.007264950241606
521.8793009389559,42.085027102725725
525.422114651615,42.95899047166387
259.80917994099406,19.285166052275454
632.0714553689036,49.00333498058038
443.8240630437468,37.16294386660354
350.8203741921132,27.44712462706196
504.54985994343514,38.2387256565795
294.91929421570086,24.259262601330725
415.064003239339,33.900174968196154
